L_V1_ROI,1
L_MST_ROI,2
L_V6_ROI,3
L_V2_ROI,4
L_V3_ROI,5
L_V4_ROI,6
L_V8_ROI,7
L_4_ROI,8
L_3b_ROI,9
L_FEF_ROI,10
L_PEF_ROI,11
L_55b_ROI,12
L_V3A_ROI,13
L_RSC_ROI,14
L_POS2_ROI,15
L_V7_ROI,16
L_IPS1_ROI,17
L_FFC_ROI,18
L_V3B_ROI,19
L_LO1_ROI,20
L_LO2_ROI,21
L_PIT_ROI,22
L_MT_ROI,23
L_A1_ROI,24
L_PSL_ROI,25
L_SFL_ROI,26
L_PCV_ROI,27
L_STV_ROI,28
L_7Pm_ROI,29
L_7m_ROI,30
L_POS1_ROI,31
L_23d_ROI,32
L_v23ab_ROI,33
L_d23ab_ROI,34
L_31pv_ROI,35
L_5m_ROI,36
L_5mv_ROI,37
L_23c_ROI,38
L_5L_ROI,39
L_24dd_ROI,40
L_24dv_ROI,41
L_7AL_ROI,42
L_SCEF_ROI,43
L_6ma_ROI,44
L_7Am_ROI,45
L_7PL_ROI,46
L_7PC_ROI,47
L_LIPv_ROI,48
L_VIP_ROI,49
L_MIP_ROI,50
L_1_ROI,51
L_2_ROI,52
L_3a_ROI,53
L_6d_ROI,54
L_6mp_ROI,55
L_6v_ROI,56
L_p24pr_ROI,57
L_33pr_ROI,58
L_a24pr_ROI,59
L_p32pr_ROI,60
L_a24_ROI,61
L_d32_ROI,62
L_8BM_ROI,63
L_p32_ROI,64
L_10r_ROI,65
L_47m_ROI,66
L_8Av_ROI,67
L_8Ad_ROI,68
L_9m_ROI,69
L_8BL_ROI,70
L_9p_ROI,71
L_10d_ROI,72
L_8C_ROI,73
L_44_ROI,74
L_45_ROI,75
L_47l_ROI,76
L_a47r_ROI,77
L_6r_ROI,78
L_IFJa_ROI,79
L_IFJp_ROI,80
L_IFSp_ROI,81
L_IFSa_ROI,82
L_p9-46v_ROI,83
L_46_ROI,84
L_a9-46v_ROI,85
L_9-46d_ROI,86
L_9a_ROI,87
L_10v_ROI,88
L_a10p_ROI,89
L_10pp_ROI,90
L_11l_ROI,91
L_13l_ROI,92
L_OFC_ROI,93
L_47s_ROI,94
L_LIPd_ROI,95
L_6a_ROI,96
L_i6-8_ROI,97
L_s6-8_ROI,98
L_43_ROI,99
L_OP4_ROI,100
L_OP1_ROI,101
L_OP2-3_ROI,102
L_52_ROI,103
L_RI_ROI,104
L_PFcm_ROI,105
L_PoI2_ROI,106
L_TA2_ROI,107
L_FOP4_ROI,108
L_MI_ROI,109
L_Pir_ROI,110
L_AVI_ROI,111
L_AAIC_ROI,112
L_FOP1_ROI,113
L_FOP3_ROI,114
L_FOP2_ROI,115
L_PFt_ROI,116
L_AIP_ROI,117
L_EC_ROI,118
L_PreS_ROI,119
L_H_ROI,120
L_ProS_ROI,121
L_PeEc_ROI,122
L_STGa_ROI,123
L_PBelt_ROI,124
L_A5_ROI,125
L_PHA1_ROI,126
L_PHA3_ROI,127
L_STSda_ROI,128
L_STSdp_ROI,129
L_STSvp_ROI,130
L_TGd_ROI,131
L_TE1a_ROI,132
L_TE1p_ROI,133
L_TE2a_ROI,134
L_TF_ROI,135
L_TE2p_ROI,136
L_PHT_ROI,137
L_PH_ROI,138
L_TPOJ1_ROI,139
L_TPOJ2_ROI,140
L_TPOJ3_ROI,141
L_DVT_ROI,142
L_PGp_ROI,143
L_IP2_ROI,144
L_IP1_ROI,145
L_IP0_ROI,146
L_PFop_ROI,147
L_PF_ROI,148
L_PFm_ROI,149
L_PGi_ROI,150
L_PGs_ROI,151
L_V6A_ROI,152
L_VMV1_ROI,153
L_VMV3_ROI,154
L_PHA2_ROI,155
L_V4t_ROI,156
L_FST_ROI,157
L_V3CD_ROI,158
L_LO3_ROI,159
L_VMV2_ROI,160
L_31pd_ROI,161
L_31a_ROI,162
L_VVC_ROI,163
L_25_ROI,164
L_s32_ROI,165
L_pOFC_ROI,166
L_PoI1_ROI,167
L_Ig_ROI,168
L_FOP5_ROI,169
L_p10p_ROI,170
L_p47r_ROI,171
L_TGv_ROI,172
L_MBelt_ROI,173
L_LBelt_ROI,174
L_A4_ROI,175
L_STSva_ROI,176
L_TE1m_ROI,177
L_PI_ROI,178
L_a32pr_ROI,179
L_p24_ROI,180
R_V1_ROI,201
R_MST_ROI,202
R_V6_ROI,203
R_V2_ROI,204
R_V3_ROI,205
R_V4_ROI,206
R_V8_ROI,207
R_4_ROI,208
R_3b_ROI,209
R_FEF_ROI,210
R_PEF_ROI,211
R_55b_ROI,212
R_V3A_ROI,213
R_RSC_ROI,214
R_POS2_ROI,215
R_V7_ROI,216
R_IPS1_ROI,217
R_FFC_ROI,218
R_V3B_ROI,219
R_LO1_ROI,220
R_LO2_ROI,221
R_PIT_ROI,222
R_MT_ROI,223
R_A1_ROI,224
R_PSL_ROI,225
R_SFL_ROI,226
R_PCV_ROI,227
R_STV_ROI,228
R_7Pm_ROI,229
R_7m_ROI,230
R_POS1_ROI,231
R_23d_ROI,232
R_v23ab_ROI,233
R_d23ab_ROI,234
R_31pv_ROI,235
R_5m_ROI,236
R_5mv_ROI,237
R_23c_ROI,238
R_5L_ROI,239
R_24dd_ROI,240
R_24dv_ROI,241
R_7AL_ROI,242
R_SCEF_ROI,243
R_6ma_ROI,244
R_7Am_ROI,245
R_7PL_ROI,246
R_7PC_ROI,247
R_LIPv_ROI,248
R_VIP_ROI,249
R_MIP_ROI,250
R_1_ROI,251
R_2_ROI,252
R_3a_ROI,253
R_6d_ROI,254
R_6mp_ROI,255
R_6v_ROI,256
R_p24pr_ROI,257
R_33pr_ROI,258
R_a24pr_ROI,259
R_p32pr_ROI,260
R_a24_ROI,261
R_d32_ROI,262
R_8BM_ROI,263
R_p32_ROI,264
R_10r_ROI,265
R_47m_ROI,266
R_8Av_ROI,267
R_8Ad_ROI,268
R_9m_ROI,269
R_8BL_ROI,270
R_9p_ROI,271
R_10d_ROI,272
R_8C_ROI,273
R_44_ROI,274
R_45_ROI,275
R_47l_ROI,276
R_a47r_ROI,277
R_6r_ROI,278
R_IFJa_ROI,279
R_IFJp_ROI,280
R_IFSp_ROI,281
R_IFSa_ROI,282
R_p9-46v_ROI,283
R_46_ROI,284
R_a9-46v_ROI,285
R_9-46d_ROI,286
R_9a_ROI,287
R_10v_ROI,288
R_a10p_ROI,289
R_10pp_ROI,290
R_11l_ROI,291
R_13l_ROI,292
R_OFC_ROI,293
R_47s_ROI,294
R_LIPd_ROI,295
R_6a_ROI,296
R_i6-8_ROI,297
R_s6-8_ROI,298
R_43_ROI,299
R_OP4_ROI,300
R_OP1_ROI,301
R_OP2-3_ROI,302
R_52_ROI,303
R_RI_ROI,304
R_PFcm_ROI,305
R_PoI2_ROI,306
R_TA2_ROI,307
R_FOP4_ROI,308
R_MI_ROI,309
R_Pir_ROI,310
R_AVI_ROI,311
R_AAIC_ROI,312
R_FOP1_ROI,313
R_FOP3_ROI,314
R_FOP2_ROI,315
R_PFt_ROI,316
R_AIP_ROI,317
R_EC_ROI,318
R_PreS_ROI,319
R_H_ROI,320
R_ProS_ROI,321
R_PeEc_ROI,322
R_STGa_ROI,323
R_PBelt_ROI,324
R_A5_ROI,325
R_PHA1_ROI,326
R_PHA3_ROI,327
R_STSda_ROI,328
R_STSdp_ROI,329
R_STSvp_ROI,330
R_TGd_ROI,331
R_TE1a_ROI,332
R_TE1p_ROI,333
R_TE2a_ROI,334
R_TF_ROI,335
R_TE2p_ROI,336
R_PHT_ROI,337
R_PH_ROI,338
R_TPOJ1_ROI,339
R_TPOJ2_ROI,340
R_TPOJ3_ROI,341
R_DVT_ROI,342
R_PGp_ROI,343
R_IP2_ROI,344
R_IP1_ROI,345
R_IP0_ROI,346
R_PFop_ROI,347
R_PF_ROI,348
R_PFm_ROI,349
R_PGi_ROI,350
R_PGs_ROI,351
R_V6A_ROI,352
R_VMV1_ROI,353
R_VMV3_ROI,354
R_PHA2_ROI,355
R_V4t_ROI,356
R_FST_ROI,357
R_V3CD_ROI,358
R_LO3_ROI,359
R_VMV2_ROI,360
R_31pd_ROI,361
R_31a_ROI,362
R_VVC_ROI,363
R_25_ROI,364
R_s32_ROI,365
R_pOFC_ROI,366
R_PoI1_ROI,367
R_Ig_ROI,368
R_FOP5_ROI,369
R_p10p_ROI,370
R_p47r_ROI,371
R_TGv_ROI,372
R_MBelt_ROI,373
R_LBelt_ROI,374
R_A4_ROI,375
R_STSva_ROI,376
R_TE1m_ROI,377
R_PI_ROI,378
R_a32pr_ROI,379
R_p24_ROI,380
